tier,company,website,drop_reason
A1,Aprio,aprio.com,
A1,Armanino,armanino.com,
A1,Ascend,ascendtogether.com,
A1,Carr Riggs & Ingram,criadv.com,
A1,Cherry Bekaert,cbh.com,
A1,Citrin Cooperman,citrincooperman.com,
A1,Eide Bailly,eidebailly.com,
A1,PKF O'Connor Davies,pkfod.com,
A1,Wipfli,wipfli.com,
A1,Crete Professionals Alliance (Current),cretepa.com,
A1,Sikich,sikich.com,
A1,UHY,uhy-us.com,
A1,Cohen & Co,cohenco.com,
A1,Doeren Mayhew,doeren.com,
A1,Elliott Davis,elliottdavis.com,
A1,Frazier & Deeter,frazierdeeter.com,
A1,Platform Accounting Group,platformag.com,
A1,Richey May,richeymay.com,
A1,Sax Advisory Group,saxllp.com,
A1,Schellman,schellman.com,
A1,Smith + Howard,smith-howard.com,
A1,Sorren,sorren.com,
A1,Springline Advisory,springlineadvisory.com,
A1,Archer Lewis,archerlewis.com,
A1,Consero Global,conseroglobal.com,
A1,LMC Advisors,lmcas.com,
A1,Lucas Horsfall,lhmc.com,
A1,Nichols Cauley,nicholscauley.com,
A1,Prosperity Partners,prosperitypartners.com,
A1,Achieve,achieve.com,
A1,Cross River Bank,crossriver.com,
A1,Best Egg (Marlette Holdings),bestegg.com,
A1,Carson Group,carsongroup.com,
A1,Kiavi,kiavi.com,
A1,Analysis Group,analysisgroup.com,
A1,Ankura,ankura.com,
A1,Berkeley Research Group,thinkbrg.com,
A1,Charles River Associates,crai.com,
A1,Credera,credera.com,
A1,Exponent,exponent.com,
A1,L.E.K. Consulting,lek.com,
A1,Nordic Consulting,nordicglobal.com,
A1,Resources Connection (RGP),rgp.com,
A1,Tegria,tegria.com,
A1,Accordion,accordion.com,
A1,Argano,argano.com,
A1,Blend360,blend360.com,
A1,CFGI,cfgi.com,
A1,Cornerstone Research,cornerstone.com,
A1,Daugherty Business Solutions,daugherty.com,
A1,Forrester Research,forrester.com,
A1,Fractal Analytics,fractal.ai,
A1,North Highland,northhighland.com,
A1,Point B,pointb.com,
A1,Quantiphi,quantiphi.com,
A1,Simon-Kucher,simon-kucher.com,
A1,The Chartis Group,chartis.com,
A1,The Hackett Group,thehackettgroup.com,
A1,Tredence,tredence.com,
A1,10Pearls,10pearls.com,
A1,AArete,aarete.com,
A1,E78 Partners,e78partners.com,
A1,Embark,embarkwithus.com,
A1,Exiger,exiger.com,
A1,Info-Tech Research Group,infotech.com,
A1,Information Services Group,isg-one.com,
A1,Kaufman Hall,kaufmanhall.com,
A1,Riveron,riveron.com,
A1,SolomonEdwards,solomonedwards.com,
A1,Spaulding Ridge,spauldingridge.com,
A1,Trinity Life Sciences,trinitylifesciences.com,
A1,CSG Government Solutions,csgdelivers.com,
A1,Clarkston Consulting,clarkstonconsulting.com,
A1,Clearsulting,clearsulting.com,
A1,Stax,stax.com,
A1,Bounteous,bounteous.com,
A1,Compucom Systems,compucom.com,
A1,Encora,encora.com,
A1,Ensono,ensono.com,
A1,Flexential,flexential.com,
A1,LevelBlue,levelblue.com,
A1,Lyra Technology Group,lyratechnologygroup.com,
A1,Perficient,perficient.com,
A1,Red River Technology,redriver.com,
A1,TierPoint,tierpoint.com,
A1,Vaco,vaco.com,
A1,West Monroe,westmonroe.com,
A1,Apexon,apexon.com,
A1,Blue Mantis,bluemantis.com,
A1,Coalfire,coalfire.com,
A1,Cyderes,cyderes.com,
A1,Eliassen Group,eliassen.com,
A1,Integris,integrisit.com,
A1,Marco Technologies,marconet.com,
A1,Milestone Technologies,milestone.tech,
A1,Ness Digital Engineering,ness.com,
A1,ReliaQuest,reliaquest.com,
A1,TPx Communications,tpx.com,
A1,Thrive,thrivenextgen.com,
A1,BlueVoyant,bluevoyant.com,
A1,Dataprise,dataprise.com,
A1,Datavail,datavail.com,
A1,Deepwatch,deepwatch.com,
A1,Expedient,expedient.com,
A1,Improving,improving.com,
A1,Logically,logically.com,
A1,Magna5,magna5.com,
A1,Meriplex,meriplex.com,
A1,Netrix Global,netrixglobal.com,
A1,New Charter Technologies,newchartertech.com,
A1,NexusTek,nexustek.com,
A1,Ntirety,ntirety.com,
A1,Ntiva,ntiva.com,
A1,Onix,onixnet.com,
A1,Resultant,resultant.com,
A1,VC3,vc3.com,
A1,eSentire,esentire.com,
A1,Coretelligent,coretelligent.com,
A1,Corsica Technologies,corsicatech.com,
A1,Critical Start,criticalstart.com,
A1,DYOPATH,dyopath.com,
A1,Involta,involta.com,
A1,Otava,otava.com,
A1,Sourcepass,sourcepass.com,
A1,LegalShield,legalshield.com,
A1,UnitedLex,unitedlex.com,
A1,Axiom,axiomlaw.com,
A1,Harbor Global,harborglobal.com,
A1,Litera,litera.com,
A1,Relativity,relativity.com,
A1,Veritext Legal Solutions,veritext.com,
A1,iManage,imanage.com,
A1,HaystackID,haystackid.com,
A1,Integreon,integreon.com,
A1,Lighthouse,lighthouseglobal.com,
A1,NetDocuments,netdocuments.com,
A1,Rafi Law Group / Rafi Law Services MSO,rafilawgroup.com,
A1,Orion Legal (Uplift Investors MSO),dudleydebosier.com,
A1,Lufkin Industries,lufkin.com,
A1,Dept,deptagency.com,
A1,Inmar Intelligence,inmar.com,
A1,Real Chemistry,realchemistry.com,
A1,Valtech,valtech.com,
A1,Data Axle,data-axle.com,
A1,EVERSANA INTOUCH,eversanaintouch.com,
A1,Tinuiti,tinuiti.com,
A1,Ansira,ansira.com,
A1,Brainlabs,brainlabsdigital.com,
A1,R/GA,rga.com,
A1,Wpromote,wpromote.com,
A1,Power Digital,powerdigitalmarketing.com,
A1,Cornerstone OnDemand,cornerstoneondemand.com,
A1,Diligent,diligent.com,
A1,FinThrive,finthrive.com,
A1,Fortra,fortra.com,
A1,Hyland Software,hyland.com,
A1,New Era Technology,neweratech.com,
A1,Ping Identity,pingidentity.com,
A1,Precisely,precisely.com,
A1,Quest Software,quest.com,
A1,Transportation Insight,transportationinsight.com,
A1,Trucordia,trucordia.com,
A1,3Cloud,3cloudsolutions.com,
A1,BeyondTrust,beyondtrust.com,
A1,Clarience Technologies,clarience.com,
A1,GSM Outdoors,gsmoutdoors.com,
A1,Jensen Hughes,jensenhughes.com,
A1,MRI Software,mrisoftware.com,
A1,Mediaocean,mediaocean.com,
A1,ModMed,modmed.com,
A1,Montway Auto Transport,montway.com,
A1,Signant Health,signanthealth.com,
A1,Smart Care Equipment Solutions,smartcaresolutions.com,
A1,Symplr,symplr.com,
A1,UserTesting,usertesting.com,
A1,Worldwide Clinical Trials,worldwide.com,
A1,Buildertrend,buildertrend.com,
A1,Caylent,caylent.com,
A1,DecoPac,decopac.com,
A1,Denodo,denodo.com,
A1,ElevatePFS,elevatepfs.com,
A1,Everservice,everservice.com,
A1,Eze Castle Integration,eci.com,
A1,Huge,hugeinc.com,
A1,Sonatype,sonatype.com,
A1,Valenz Health,valenzhealth.com,
A1,phData,phdata.io,
A1,Bluesight,bluesight.com,
A1,Cuesta Partners,cuestapartners.com,
A1,Docupace,docupace.com,
A1,Fusion Risk Management,fusionrm.com,
A1,Hueman People Solutions,hueman.com,
A1,Ncontracts,ncontracts.com,
A1,Trinamix,trinamix.com,
A1,Michael Baker International,mbakerintl.com,
A1,Pace Analytical Services,pacelabs.com,
A1,TaskUs,taskus.com,
A1,UES,teamues.com,
A1,Woolpert,woolpert.com,
A1,Ardurra Group,ardurra.com,
A1,Businessolver,businessolver.com,
A1,Cielo,cielotalent.com,
A1,ENTRUST Solutions Group,entrustsol.com,
A1,Startek,startek.com,
A1,Trinity Consultants,trinityconsultants.com,
A1,Accurate Group,accurategroup.com,
A1,Class Valuation,classvaluation.com,
A1,1-800 Contacts,1800contacts.com,
A1,Backcountry,backcountry.com,
A1,Cooper's Hawk Winery & Restaurants,chwinery.com,
A1,Hungryroot,hungryroot.com,
A1,Purpose Brands (Anytime Fitness / Orangetheory),purposebrands.com,
A1,Function of Beauty,functionofbeauty.com,
A1,Hanna Andersson,hannaandersson.com,
A1,Tonal,tonal.com,
A1,Anaplan,anaplan.com,
A1,Applied Systems,appliedsystems.com,
A1,Aptean,aptean.com,
A1,Availity,availity.com,
A1,Avalara,avalara.com,
A1,Bottomline Technologies,bottomline.com,
A1,Cision,cision.com,
A1,ConnectWise,connectwise.com,
A1,Coupa Software,coupa.com,
A1,EAB,eab.com,
A1,ECI Software Solutions,ecisolutions.com,
A1,Ellucian,ellucian.com,
A1,Inovalon,inovalon.com,
A1,Instructure,instructure.com,
A1,Integral Ad Science,integralads.com,
A1,Jamf,jamf.com,
A1,Medallia,medallia.com,
A1,Merative,merative.com,
A1,Netsmart Technologies,ntst.com,
A1,NextGen Healthcare,nextgen.com,
A1,PowerSchool,powerschool.com,
A1,Sovos,sovos.com,
A1,Verint Systems,verint.com,
A1,WellSky,wellsky.com,
A1,isolved,isolvedhcm.com,
A1,Acquia,acquia.com,
A1,AvidXchange,avidxchange.com,
A1,Bazaarvoice,bazaarvoice.com,
A1,Boomi,boomi.com,
A1,Bullhorn,bullhorn.com,
A1,CentralSquare Technologies,centralsquare.com,
A1,Constant Contact,constantcontact.com,
A1,Duck Creek Technologies,duckcreek.com,
A1,Emburse,emburse.com,
A1,Everbridge,everbridge.com,
A1,Granicus,granicus.com,
A1,Greenway Health,greenwayhealth.com,
A1,MeridianLink,meridianlink.com,
A1,Mindbody,mindbodyonline.com,
A1,Olo,olo.com,
A1,Optimizely,optimizely.com,
A1,PROS Holdings,pros.com,
A1,Planview,planview.com,
A1,Pluralsight,pluralsight.com,
A1,Renaissance Learning,renaissance.com,
A1,Sitecore,sitecore.com,
A1,SurveyMonkey,surveymonkey.com,
A1,Tricentis,tricentis.com,
A1,Zuora,zuora.com,
A1,Zywave,zywave.com,
A1,iCIMS,icims.com,
A1,Abrigo,abrigo.com,
A1,Accela,accela.com,
A1,Acumatica,acumatica.com,
A1,Allvue Systems,allvuesystems.com,
A1,Birdeye,birdeye.com,
A1,Bonterra,bonterratech.com,
A1,Cority,cority.com,
A1,Experity,experityhealth.com,
A1,Gainsight,gainsight.com,
A1,Greenhouse Software,greenhouse.com,
A1,Jaggaer,jaggaer.com,
A1,Kyruus Health,kyruushealth.com,
A1,LogicMonitor,logicmonitor.com,
A1,Nintex,nintex.com,
A1,Payscale,payscale.com,
A1,Quickbase,quickbase.com,
A1,Salesloft,salesloft.com,
A1,Unanet,unanet.com,
A1,VelocityEHS,ehs.com,
A1,Vendavo,vendavo.com,
A1,WorkWave,workwave.com,
A1,Wrike,wrike.com,
A1,Xactly,xactly.com,
A1,bswift,bswift.com,
A1,Cendyn,cendyn.com,
A1,BlueGrace Logistics,mybluegrace.com,
A1,Lazer Logistics,lazerlogistics.com,
A1,PLS Logistics Services,plslogistics.com,
A2,Andersen Group,andersen.com,
A2,Withum,withum.com,
A2,BPM LLP,bpm.com,
A2,Kearney & Company,kearneyco.com,
A2,Bennett Thrasher,btcpa.net,
A2,BerryDunn,berrydunn.com,
A2,Clark Schaefer Hackett,cshco.com,
A2,Frank Rimerman + Co.,frankrimerman.com,
A2,H&CO,hco.com,
A2,Katz Sapper & Miller (KSM),ksmcpa.com,
A2,Kaufman Rossin,kaufmanrossin.com,
A2,LBMC,lbmc.com,
A2,MGO (Macias Gini & O'Connell),mgocpa.com,
A2,Prager Metis,pragermetis.com,
A2,RKL LLP,rklcpa.com,
A2,SC&H Group,schgroup.com,
A2,Schneider Downs,schneiderdowns.com,
A2,Warren Averett,warrenaverett.com,
A2,Anders CPAs + Advisors,anderscpa.com,
A2,Auxis,auxis.com,
A2,Centri Business Consulting,centriconsulting.com,
A2,Dean Dorton,deandorton.com,
A2,Global Tax Management,gtmtax.com,
A2,HoganTaylor,hogantaylor.com,
A2,Lutz,lutz.us,
A2,PYA,pyapc.com,
A2,REDW,redw.com,
A2,Sensiba,sensiba.com,
A2,Wolf & Company,wolfandco.com,
A2,Alliant Credit Union,alliantcreditunion.org,
A2,Customers Bancorp,customersbank.com,
A2,Digital Federal Credit Union (DCU),dcu.org,
A2,Donegal Group,donegalgroup.com,
A2,Employers Holdings,employers.com,
A2,First Tech Federal Credit Union,firsttechfed.com,
A2,HCI Group,hcigroup.com,
A2,Lemonade,lemonade.com,
A2,Navient,navient.com,
A2,Oportun Financial,oportun.com,
A2,Pagaya Technologies,pagaya.com,
A2,Palomar Holdings,plmr.com,
A2,Paymentus Holdings,paymentus.com,
A2,Regional Management Corp,regionalmanagement.com,
A2,Seacoast Banking Corp of Florida,seacoastbank.com,
A2,The Bancorp Inc,thebancorp.com,
A2,Upstart Holdings,upstart.com,
A2,VyStar Credit Union,vystarcu.org,
A2,WaFd Inc,wafdbank.com,
A2,Bowhead Specialty Holdings,bowheadspecialty.com,
A2,Cardinal Financial,cardinalfinancial.com,
A2,Coastal Financial Corp,coastalbank.com,
A2,Dave Inc,dave.com,
A2,Live Oak Bancshares,liveoakbank.com,
A2,Michigan State University Federal Credit Union,msufcu.org,
A2,Origin Bancorp,origin.bank,
A2,Patelco Credit Union,patelco.org,
A2,Triumph Financial,tfin.com,
A2,Better Home & Finance,better.com,
A2,Open Lending Corp,openlending.com,
A2,Turn 14 Distribution,turn14.com,
A2,Würth Industry North America,wurthindustry.com,
A2,Bossard Americas,bossard.com,
A2,Checkers & Rally's,checkers.com,
A2,Del Taco,deltaco.com,
A2,Black Box,blackbox.com,
A2,Collabera,collabera.com,
A2,Fulcrum IT Partners,fulcrumitpartners.com,
A2,General Datatech (GDT),gdt.com,
A2,Iron Bow Technologies,ironbow.com,
A2,Logicalis US,us.logicalis.com,
A2,Mainline Information Systems,mainline.com,
A2,ThunderCat Technology,thundercattech.com,
A2,CTG (Computer Task Group),ctg.com,
A2,Denali Advanced Integration,denaliai.com,
A2,Genesis10,genesis10.com,
A2,Grid Dynamics,griddynamics.com,
A2,Impact Networking,impactmybiz.com,
A2,Myriad360,myriad360.com,
A2,Sayers,sayers.com,
A2,Sentinel Technologies,sentinel.com,
A2,Evolving Solutions,evolvingsol.com,
A2,Mastech Digital,mastechdigital.com,
A2,Pariveda Solutions,parivedasolutions.com,
A2,2nd Watch,2ndwatch.com,
A2,Launch Consulting Group,launchconsulting.com,
A2,Logic20/20,logic2020.com,
A2,Akerman,akerman.com,
A2,Baker Botts,bakerbotts.com,
A2,Baker Donelson,bakerdonelson.com,
A2,Ballard Spahr,ballardspahr.com,
A2,Barnes & Thornburg,btlaw.com,
A2,Davis Wright Tremaine,dwt.com,
A2,Fenwick & West,fenwick.com,
A2,Fish & Richardson,fr.com,
A2,Fox Rothschild,foxrothschild.com,
A2,Gordon Rees Scully Mansukhani,grsm.com,
A2,Gunderson Dettmer,gunder.com,
A2,Haynes Boone,haynesboone.com,
A2,Husch Blackwell,huschblackwell.com,
A2,Intapp,intapp.com,
A2,Jackson Lewis,jacksonlewis.com,
A2,LegalZoom,legalzoom.com,
A2,Littler Mendelson,littler.com,
A2,Lowenstein Sandler,lowenstein.com,
A2,Manatt Phelps & Phillips,manatt.com,
A2,Ogletree Deakins,ogletree.com,
A2,Shook Hardy & Bacon,shb.com,
A2,Taft Stettinius & Hollister,taftlaw.com,
A2,Womble Bond Dickinson (US),womblebonddickinson.com,
A2,Benesch Friedlander Coplan & Aronoff,beneschlaw.com,
A2,Cole Scott & Kissane,csklegal.com,
A2,FTI Technology,fticonsulting.com,
A2,Fisher Phillips,fisherphillips.com,
A2,Honigman,honigman.com,
A2,KLDiscovery,kldiscovery.com,
A2,Quarles & Brady,quarles.com,
A2,Spencer Fane,spencerfane.com,
A2,Thompson Hine,thompsonhine.com,
A2,TransPerfect Legal Solutions,transperfectlegal.com,
A2,Vorys Sater Seymour and Pease,vorys.com,
A2,Wiley Rein,wiley.law,
A2,Wilson Elser Moskowitz Edelman & Dicker,wilsonelser.com,
A2,Chapman and Cutler,chapman.com,
A2,Elevate Services,elevate.law,
A2,Factor,factor.law,
A2,Fennemore,fennemorelaw.com,
A2,Goldberg Segalla,goldbergsegalla.com,
A2,Michael Best & Friedrich,michaelbest.com,
A2,Offit Kurman,offitkurman.com,
A2,Mayville Engineering Company,mecinc.com,
A2,Roush Enterprises,roush.com,
A2,Shure,shure.com,
A2,Sugar Creek Packing,sugarcreek.com,
A2,G&W Electric,gwelectric.com,
A2,Edelman,edelman.com,
A2,Horizon Media,horizonmedia.com,
A2,Klick Health,klick.com,
A2,Moore,wearemoore.com,
A2,The Brandtech Group,thebrandtechgroup.com,
A2,Weber Shandwick,webershandwick.com,
A2,Amsive,amsive.com,
A2,Assembly,assemblyglobal.com,
A2,Basis Technologies,basis.com,
A2,Jellyfish,jellyfish.com,
A2,VaynerMedia,vaynermedia.com,
A2,APCO,apcoworldwide.com,
A2,Adswerve,adswerve.com,
A2,Code and Theory,codeandtheory.com,
A2,GALE,gale.agency,
A2,Goodway Group,goodwaygroup.com,
A2,Harte Hanks,hartehanks.com,
A2,Kepler Group,keplergrp.com,
A2,Known,known.is,
A2,Mod Op,modop.com,
A2,PMG,pmg.com,
A2,Rightpoint,rightpoint.com,
A2,Ruder Finn,ruderfinn.com,
A2,Empower Media,empowermm.com,
A2,HUNTER,hunterpr.com,
A2,New Engen,newengen.com,
A2,Ovative Group,ovative.com,
A2,Said Differently,saiddifferently.com,
A2,Terakeet,terakeet.com,
A2,Tombras,tombras.com,
A2,Translation,translation.com,
A2,WongDoody,wongdoody.com,
A2,Associa,associaonline.com,
A2,Atrium,atriumworks.com,
A2,Berkadia,berkadia.com,
A2,Brown and Caldwell,brownandcaldwell.com,
A2,Dewberry,dewberry.com,
A2,IBEX Ltd.,ibex.co,
A2,IMA Financial Group Inc.,imacorp.com,
A2,Judge Group,judge.com,
A2,Marcus & Millichap,marcusmillichap.com,
A2,Montrose Environmental Group Inc.,montrose-env.com,
A2,Salas O'Brien,salasobrien.com,
A2,Willdan,willdan.com,
A2,Altus Group,altusgroup.com,
A2,Bowman Consulting Group Ltd.,bowman.com,
A2,HKS,hksinc.com,
A2,SCS Engineers,scsengineers.com,
A2,Thornton Tomasetti,thorntontomasetti.com,
A2,Clear Capital,clearcapital.com,
A2,Newfront,newfront.com,
A2,Walter P Moore,walterpmoore.com,
A2,Citi Trends,cititrends.com,
A2,Duluth Holdings,duluthtrading.com,
A2,Ethan Allen Interiors,ethanallen.com,
A2,FIGS,wearfigs.com,
A2,Fabletics / TechStyle Fashion Group,fabletics.com,
A2,J.Jill,jjill.com,
A2,Mister Car Wash,mistercarwash.com,
A2,Skims,skims.com,
A2,The Lovesac Company,lovesac.com,
A2,The RealReal,therealreal.com,
A2,Thrive Market,thrivemarket.com,
A2,Traeger,traeger.com,
A2,Warby Parker,warbyparker.com,
A2,a.k.a. Brands Holding,aka-brands.com,
A2,Bombas,bombas.com,
A2,Brilliant Earth,brilliantearth.com,
A2,Build-A-Bear Workshop,buildabear.com,
A2,Destination XL Group,dxl.com,
A2,Great Clips,greatclips.com,
A2,Ro,ro.co,
A2,StockX,stockx.com,
A2,Tecovas,tecovas.com,
A2,Therabody,therabody.com,
A2,ThredUp,thredup.com,
A2,Vera Bradley,verabradley.com,
A2,Xponential Fitness,xponential.com,
A2,Zenni Optical,zenni.com,
A2,Ridge (Ridge Wallet),ridge.com,
A2,Alarm.com,alarm.com,
A2,AppFolio,appfolio.com,
A2,Appian,appian.com,
A2,BlackLine,blackline.com,
A2,Braze,braze.com,
A2,Clearwater Analytics,clearwateranalytics.com,
A2,Deltek,deltek.com,
A2,Descartes Systems Group,descartes.com,
A2,DoubleVerify,doubleverify.com,
A2,Doximity,doximity.com,
A2,Kinaxis,kinaxis.com,
A2,Navan,navan.com,
A2,PointClickCare,pointclickcare.com,
A2,Q2 Holdings,q2.com,
A2,Rippling,rippling.com,
A2,SPS Commerce,spscommerce.com,
A2,ServiceTitan,servicetitan.com,
A2,Sprinklr,sprinklr.com,
A2,Vertex Inc,vertexinc.com,
A2,Workiva,workiva.com,
A2,eClinicalWorks,eclinicalworks.com,
A2,nCino,ncino.com,
A2,Agilysys,agilysys.com,
A2,Alkami Technology,alkami.com,
A2,Amplitude,amplitude.com,
A2,Attentive,attentive.com,
A2,Calendly,calendly.com,
A2,Domo,domo.com,
A2,Entrata,entrata.com,
A2,Gong,gong.io,
A2,Health Catalyst,healthcatalyst.com,
A2,Motive,gomotive.com,
A2,N-able,n-able.com,
A2,Outreach,outreach.io,
A2,Phreesia,phreesia.com,
A2,PowerFleet,powerfleet.com,
A2,Seismic,seismic.com,
A2,Sprout Social,sproutsocial.com,
A2,Yext,yext.com,
A2,Zapier,zapier.com,
A2,o9 Solutions,o9solutions.com,
A2,6sense,6sense.com,
A2,ActiveCampaign,activecampaign.com,
A2,Arcadia,arcadia.io,
A2,Blend Labs,blend.com,
A2,CentralReach,centralreach.com,
A2,Clari,clari.com,
A2,CompanyCam,companycam.com,
A2,Definitive Healthcare,definitivehc.com,
A2,Eightfold AI,eightfold.ai,
A2,FourKites,fourkites.com,
A2,Highspot,highspot.com,
A2,Housecall Pro,housecallpro.com,
A2,Innovaccer,innovaccer.com,
A2,Iterable,iterable.com,
A2,Ivalua,ivalua.com,
A2,Jobber,getjobber.com,
A2,Lattice,lattice.com,
A2,OpenGov,opengov.com,
A2,Phenom,phenom.com,
A2,Podium,podium.com,
A2,Restaurant365,restaurant365.com,
A2,Tebra,tebra.com,
A2,Upland Software,uplandsoftware.com,
A2,Weave Communications,getweave.com,
A2,project44,project44.com,
A2,TA Services,taservices.com,
A2,Transervice Logistics / Lily Transportation,transervice.com,
B,Holthouse Carlin & Van Trigt (HCVT),hcvt.com,
B,Weaver,weaver.com,
B,Anchin,anchin.com,
B,Blue & Co.,blueandco.com,
B,Grassi Advisory Group,grassiadvisors.com,
B,Hill Barth & King (HBK),hbkcpa.com,
B,Mauldin & Jenkins,mjcpa.com,
B,Miller Cooper & Co.,millercooper.com,
B,Novogradac & Company,novoco.com,
B,Pinion,pinionglobal.com,
B,Rehmann,rehmann.com,
B,RubinBrown,rubinbrown.com,
B,SingerLewak,singerlewak.com,
B,The Bonadio Group,bonadio.com,
B,Whitley Penn,whitleypenn.com,
B,AAFCPAs,aafcpa.com,
B,AdamsBrown,adamsbrowncpa.com,
B,Aldrich,aldrichadvisors.com,
B,BMSS,bmss.com,
B,Baker Newman Noyes,bnncpa.com,
B,Boulay,boulaygroup.com,
B,Brady Martz,bradymartz.com,
B,Brown Edwards & Company,becpas.com,
B,Cain Watters & Associates,cainwatters.com,
B,Clark Nuber,clarknuber.com,
B,GBQ Partners,gbq.com,
B,GHJ,ghjadvisors.com,
B,GRF CPAs & Advisors,grfcpa.com,
B,Gursey Schneider,gursey.com,
B,HHM CPAs,hhmcpas.com,
B,Haynie & Company,hayniecpas.com,
B,Honkamp,honkamp.com,
B,Johnson Lambert,johnsonlambert.com,
B,Kahn Litwin Renza (KLR),kahnlitwin.com,
B,Kemper CPA Group,kempercpa.com,
B,Kreischer Miller,kmco.com,
B,Meaden & Moore,meadenmoore.com,
B,Miller Kaplan,millerkaplan.com,
B,PBMares,pbmares.com,
B,Rea,reacpa.com,
B,Tanner LLC,tannerco.com,
B,Windes,windes.com,
B,Wiss & Company,wiss.com,
B,YHB CPAs & Consultants,yhbcpa.com,
B,America First Credit Union,americafirst.com,
B,Banc of California,bancofcal.com,
B,Bank of Hawaii Corp,boh.com,
B,Banner Corp,bannerbank.com,
B,CAPTRUST Financial Advisors,captrust.com,
B,CMG Financial,cmgfi.com,
B,Cathay General Bancorp,cathaybank.com,
B,Central Bancompany,centralbancompany.com,
B,Corient,corient.com,
B,Creative Planning,creativeplanning.com,
B,Eastern Bankshares,easternbank.com,
B,Enterprise Financial Services,enterprisebank.com,
B,Exeter Finance,exeterfinance.com,
B,Fairway Independent Mortgage,fairwayindependentmc.com,
B,First Busey Corp,busey.com,
B,First Financial Bankshares,ffin.com,
B,First Hawaiian Inc,fhb.com,
B,First Interstate BancSystem,firstinterstatebank.com,
B,First PREMIER Bank / PREMIER Bankcard,firstpremier.com,
B,FourLeaf Federal Credit Union,fourleaffcu.org,
B,Glacier Bancorp,glacierbancorp.com,
B,Global Credit Union,globalcu.org,
B,Golden 1 Credit Union,golden1.com,
B,GreenSky,greensky.com,
B,Guild Mortgage,guildmortgage.com,
B,Hightower Advisors,hightoweradvisors.com,
B,Home BancShares (Centennial Bank),homebancshares.com,
B,Idaho Central Credit Union,iccu.com,
B,Independent Bank Corp (Rockland Trust),rocklandtrust.com,
B,International Bancshares Corp,ibc.com,
B,Kestra Financial,kestrafinancial.com,
B,Lake Michigan Credit Union,lmcu.org,
B,Mariner,marinerwealthadvisors.com,
B,Mariner Finance,marinerfinance.com,
B,Marqeta,marqeta.com,
B,Mechanics Bank,mechanicsbank.com,
B,Movement Mortgage,movement.com,
B,New American Funding,newamericanfunding.com,
B,North American Bancard (North),north.com,
B,Pathward Financial,pathward.com,
B,Payoneer,payoneer.com,
B,Priority Technology Holdings,prioritycommerce.com,
B,Provident Financial Services,provident.bank,
B,Randolph-Brooks Federal Credit Union,rbfcu.org,
B,Renasant Corp,renasant.com,
B,Rockefeller Capital Management,rockco.com,
B,Security Service Federal Credit Union,ssfcu.org,
B,ServisFirst Bancshares,servisfirstbank.com,
B,Simmons First National,simmonsbank.com,
B,Suncoast Credit Union,suncoastcreditunion.com,
B,TowneBank,townebank.com,
B,Trustmark Corp,trustmark.com,
B,Wealth Enhancement Group,wealthenhancement.com,
B,WesBanco,wesbanco.com,
B,World Acceptance Corp,worldacceptance.com,
B,AMERISAFE,amerisafe.com,
B,Amarillo National Bank,anb.com,
B,American Savings Bank,asbhawaii.com,
B,BankPlus,bankplus.net,
B,Business First Bancshares (b1BANK),b1bank.com,
B,Centier Bank,centier.com,
B,Delta Community Credit Union,deltacommunitycu.com,
B,Dollar Bank,dollar.bank,
B,Flywire,flywire.com,
B,Lendmark Financial Services,lendmarkfinancial.com,
B,Mercer Advisors,merceradvisors.com,
B,Nicolet Bankshares,nicoletbank.com,
B,OnPoint Community Credit Union,onpointcu.com,
B,Payroc,payroc.com,
B,Peoples Bancorp,peoplesbancorp.com,
B,Planet Home Lending,planethomelending.com,
B,Repay Holdings,repay.com,
B,Sezzle,sezzle.com,
B,Southside Bancshares,southside.com,
B,Stock Yards Bancorp,syb.com,
B,Allworth Financial,allworthfinancial.com,
B,Beacon Pointe Advisors,beaconpointe.com,
B,Capital City Bank Group,ccbg.com,
B,Celero Commerce,celerocommerce.com,
B,Civista Bancshares,civista.bank,
B,Dacotah Banks,dacotahbank.com,
B,EP Wealth Advisors,epwealth.com,
B,First National Bank Alaska,fnbalaska.com,
B,Fortis Payment Systems,fortispay.com,
B,HomeTrust Bancshares,htb.com,
B,MAI Capital Management,mai.capital,
B,Paramount Residential Mortgage Group (PRMG),prmg.net,
B,Peapack-Gladstone Financial,peapackprivate.com,
B,Savant Wealth Management,savantwealth.com,
B,USA Mortgage (DAS Acquisition),usamortgage.com,
B,Vantage Bank Texas,vantage.bank,
B,Washington Trust Bancorp,washtrust.com,
B,i3 Verticals,i3verticals.com,
B,Gallup,gallup.com,
B,NERA Economic Consulting,nera.com,
B,Public Consulting Group,publicconsultinggroup.com,
B,Secretariat,secretariat-intl.com,
B,Segal,segalco.com,
B,Stout,stout.com,
B,1898 & Co.,1898andco.com,
B,Bates White,bateswhite.com,
B,Consertus,consertus.com,
B,ECG Management Consultants,ecgmc.com,
B,Guidepost Solutions,guidepostsolutions.com,
B,Mu Sigma,mu-sigma.com,
B,Optimum Healthcare IT,optimumhit.com,
B,Prophet,prophet.com,
B,StoneTurn,stoneturn.com,
B,The Brattle Group,brattle.com,
B,Alexander Group,alexandergroup.com,
B,Applied Value Group,appliedvaluegroup.com,
B,Divurgent,divurgent.com,
B,Ducker Carlisle,duckercarlisle.com,
B,ScottMadden,scottmadden.com,
B,Sendero Consulting,senderoconsulting.com,
B,Treliant,treliant.com,
B,AFC Industries,afcind.com,
B,Andrews Distributing,andrewsdistributing.com,
B,Auto-Wares Group,autowares.com,
B,BDI (Bearing Distributors Inc.),bdiexpress.com,
B,BlackHawk Industrial,bhid.com,
B,Concordance Healthcare Solutions,concordancehealthcare.com,
B,Consolidated Pipe & Supply,consolidatedpipe.com,
B,Consolidated Supply Co.,consolidatedsupply.com,
B,Crescent Crown Distributing,crescentcrown.com,
B,Dealers Electrical Supply,dealerselectrical.com,
B,EWIE Group of Companies,ewie.com,
B,Famous Supply,famous-supply.com,
B,Ferraro Foods,ferrarofoods.com,
B,Fisher Auto Parts,fisherautoparts.com,
B,Gresco Utility Supply,gresco.com,
B,Gulfeagle Supply,gulfeaglesupply.com,
B,Harbor Wholesale Foods,harborwholesale.com,
B,Harcros Chemicals,harcros.com,
B,Hawkins Inc.,hawkinsinc.com,
B,Heilind Electronics,heilind.com,
B,Hensley Beverage Company,hensley.com,
B,Kendall Electric,kendallelectric.com,
B,Kimball Midwest,kimballmidwest.com,
B,Kirby Risk,kirbyrisk.com,
B,L. Knife & Son (Sheehan Family Companies),sheehanfamilycompanies.com,
B,Manhattan Beer Distributors,manhattanbeer.com,
B,Merchants Foodservice,merchantsfoodservice.com,
B,Meyer Distributing,meyerdistributing.com,
B,Midwest Veterinary Supply,midwestvet.net,
B,Munch's Supply,munchsupply.com,
B,Nicholas and Company,nicholasandco.com,
B,Optimas Solutions,optimas.com,
B,R.E. Michel Company,remichel.com,
B,R.S. Hughes Co.,rshughes.com,
B,Richards Building Supply,richards-supply.com,
B,Sarnova (Bound Tree Medical),sarnova.com,
B,Silver Eagle Distributors Houston,silvereagle.com,
B,State Electric Supply,stateelectric.com,
B,TruckPro,truckpro.com,
B,Turtle & Hughes,turtle.com,
B,Van Meter Inc.,vanmeterinc.com,
B,Coburn Supply Company,coburns.com,
B,Darby Dental Supply,darbydental.com,
B,Endries International,endries.com,
B,First Supply,firstsupply.com,
B,Inline Electric Supply,inlineelectric.com,
B,Locke Supply Co.,lockesupply.com,
B,Magid Glove & Safety,magidglove.com,
B,Mallory Safety and Supply,mallory.com,
B,Martin Inc.,martinsupply.com,
B,Master Electronics,masterelectronics.com,
B,Motion & Control Enterprises,mce-inc.com,
B,Sid Harvey Industries,sidharvey.com,
B,Summit Electric Supply,summit.com,
B,Tencarva Machinery,tencarva.com,
B,United Electric Supply,unitedelectric.com,
B,What Chefs Want,whatchefswant.com,
B,Cummins-Wagner,cummins-wagner.com,
B,7 Brew Coffee,7brew.com,
B,AVI Foodsystems,avifoodsystems.com,
B,Amy's Kitchen,amys.com,
B,Ascent Hospitality Management,ascenthospitality.com,
B,Basic American Foods,baf.com,
B,Bolthouse Farms,bolthouse.com,
B,California Pizza Kitchen,cpk.com,
B,Church's Texas Chicken,churchs.com,
B,Concord Hospitality Enterprises,concordhotels.com,
B,Crescent Hotels & Resorts,crescenthotels.com,
B,Fogo de Chao,fogodechao.com,
B,Freddy's Frozen Custard & Steakburgers,freddys.com,
B,GF Hotels & Resorts,gfhotels.com,
B,Great Wolf Resorts,greatwolf.com,
B,Harvest Hill Beverage Company,harvesthill.com,
B,Hotel Equities,hotelequities.com,
B,King's Hawaiian,kingshawaiian.com,
B,Land O'Frost,landofrost.com,
B,Lettuce Entertain You Enterprises,lettuce.com,
B,Lyons Magnus,lyonsmagnus.com,
B,Nothing Bundt Cakes,nothingbundtcakes.com,
B,P.F. Chang's,pfchangs.com,
B,Polar Beverages,polarbev.com,
B,Ruiz Foods,ruizfoods.com,
B,SPB Hospitality,spbhospitality.com,
B,Sage Hospitality Group,sagehospitalitygroup.com,
B,Sara Lee Frozen Bakery,saraleefrozenbakery.com,
B,Sauer Brands,sauerbrands.com,
B,Scooter's Coffee,scooterscoffee.com,
B,TPG Hotels & Resorts,tpghotelsandresorts.com,
B,Thompson Hospitality,thompsonhospitality.com,
B,Black Bear Diner,blackbeardiner.com,
B,Blount Fine Foods,blountfinefoods.com,
B,Califia Farms,califiafarms.com,
B,Cameron Mitchell Restaurants,cameronmitchell.com,
B,Chicken Salad Chick,chickensaladchick.com,
B,Cuisine Solutions,cuisinesolutions.com,
B,Eat'n Park Hospitality Group,enphospitality.com,
B,Five Star Food Service,fivestarfood.com,
B,Hometown Food Company,hometownfoodcompany.com,
B,Idahoan Foods,idahoan.com,
B,Kettle Cuisine,kettlecuisine.com,
B,Lakeview Farms,lakeviewfarms.com,
B,Lazy Dog Restaurant & Bar,lazydogrestaurants.com,
B,Litehouse Foods,litehousefoods.com,
B,Nellson,nellson.com,
B,Old Dutch Foods,olddutchfoods.com,
B,Pete and Gerry's Organics,peteandgerrys.com,
B,Second Nature Brands,secondnaturebrands.com,
B,Slim Chickens,slimchickens.com,
B,Talking Rain Beverage Company,talkingrain.com,
B,The Duckhorn Portfolio,duckhorn.com,
B,Torchy's Tacos,torchystacos.com,
B,Turkey Hill Dairy,turkeyhill.com,
B,Walk-On's Sports Bistreaux,walk-ons.com,
B,Athletic Brewing Company,athleticbrewing.com,
B,Berner Food & Beverage,bernerfoods.com,
B,Bob's Red Mill Natural Foods,bobsredmill.com,
B,Chosen Foods,chosenfoods.com,
B,Continental Services,continentalserves.com,
B,Country Pure Foods,countrypurefoods.com,
B,Generous Brands (Health-Ade),health-ade.com,
B,HUNGRY Marketplace,tryhungry.com,
B,Louisiana Fish Fry Products,louisianafishfry.com,
B,Metz Culinary Management,metzculinary.com,
B,Nonni's Foods,nonnis.com,
B,Olde Thompson,oldethompson.com,
B,Philz Coffee,philzcoffee.com,
B,Purely Elizabeth,purelyelizabeth.com,
B,Shipley Do-Nuts,shipleydonuts.com,
B,Southwest Foodservice Excellence,sfellc.com,
B,Spindrift Beverage Co.,drinkspindrift.com,
B,The Nutrition Group,thenutritiongroup.biz,
B,Union Square Hospitality Group,ushg.com,
B,Velvet Taco,velvettaco.com,
B,Whitsons Culinary Group,whitsons.com,
B,OWS Foods,owsfoods.com,
B,ALKU,alku.com,
B,Loffler Companies,loffler.com,
B,Evolve IP,evolveip.net,
B,Blank Rome,blankrome.com,
B,Cahill Gordon & Reindel,cahill.com,
B,Cozen O'Connor,cozen.com,
B,Dorsey & Whitney,dorsey.com,
B,Duane Morris,duanemorris.com,
B,Jackson Walker,jw.com,
B,Katten Muchin Rosenman,katten.com,
B,Kilpatrick Townsend & Stockton,ktslaw.com,
B,Loeb & Loeb,loeb.com,
B,Bracewell,bracewell.com,
B,Bradley Arant Boult Cummings,bradley.com,
B,Brownstein Hyatt Farber Schreck,bhfs.com,
B,Buchalter,buchalter.com,
B,Buchanan Ingersoll & Rooney,bipc.com,
B,Carlton Fields,carltonfields.com,
B,Choate Hall & Stewart,choate.com,
B,Clark Hill,clarkhill.com,
B,Dickinson Wright,dickinsonwright.com,
B,Dinsmore & Shohl,dinsmore.com,
B,Dykema Gossett,dykema.com,
B,Finnegan Henderson Farabow Garrett & Dunner,finnegan.com,
B,Foley Hoag,foleyhoag.com,
B,Fredrikson & Byron,fredlaw.com,
B,Frost Brown Todd,frostbrowntodd.com,
B,Holland & Hart,hollandhart.com,
B,Ice Miller,icemiller.com,
B,Irell & Manella,irell.com,
B,Jones Walker,joneswalker.com,
B,Knobbe Martens,knobbe.com,
B,Kobre & Kim,kobrekim.com,
B,Kutak Rock,kutakrock.com,
B,Lathrop GPM,lathropgpm.com,
B,McCarter & English,mccarter.com,
B,Munger Tolles & Olson,mto.com,
B,Patterson Belknap Webb & Tyler,pbwt.com,
B,Robins Kaplan,robinskaplan.com,
B,Saul Ewing,saul.com,
B,Snell & Wilmer,swlaw.com,
B,Steptoe LLP,steptoe.com,
B,Stinson LLP,stinson.com,
B,Stoel Rives,stoel.com,
B,Susman Godfrey,susmangodfrey.com,
B,Thompson Coburn,thompsoncoburn.com,
B,Vedder Price,vedderprice.com,
B,Williams & Connolly,wc.com,
B,Adams and Reese,adamsandreese.com,
B,Armstrong Teasdale,armstrongteasdale.com,
B,Butler Snow,butlersnow.com,
B,Day Pitney,daypitney.com,
B,Freeman Mathis & Gary,fmglaw.com,
B,Maynard Nexsen,maynardnexsen.com,
B,Moore & Van Allen,mvalaw.com,
B,Morris Manning & Martin,mmmlaw.com,
B,Munsch Hardt Kopf & Harr,munsch.com,
B,Smith Gambrell & Russell,sgrlaw.com,
B,UB Greensfelder,ubglaw.com,
B,Winstead PC,winstead.com,
B,Ariel Corporation,arielcorp.com,
B,Ariens Company,ariens.com,
B,Blue Bell Creameries,bluebell.com,
B,Brakebush Brothers,brakebush.com,
B,Case Farms,casefarms.com,
B,Charlotte Pipe and Foundry,charlottepipe.com,
B,Fellowes Brands,fellowes.com,
B,GOJO Industries,gojo.com,
B,Glen Raven,glenraven.com,
B,Gorman-Rupp,gormanrupp.com,
B,Griffith Foods,griffithfoods.com,
B,HSM Solutions,hsmsolutions.com,
B,Hydrite Chemical,hydrite.com,
B,KI (Krueger International),ki.com,
B,Kalmbach Feeds,kalmbachfeeds.com,
B,Klein Tools,kleintools.com,
B,Knapheide Manufacturing,knapheide.com,
B,L.B. Foster,lbfoster.com,
B,Lacks Enterprises,lacksenterprises.com,
B,Lakeside Foods,lakesidefoods.com,
B,Masters Gallery Foods,mastersgalleryfoods.com,
B,Mazzella Companies,mazzellacompanies.com,
B,Myers Industries,myersindustries.com,
B,NYX Inc,nyxinc.com,
B,Oatey Co,oatey.com,
B,PennEngineering,pemnet.com,
B,Poly-America,poly-america.com,
B,Prestage Farms,prestagefarms.com,
B,Pretium Packaging,pretiumpkg.com,
B,Shape Corp,shapecorp.com,
B,Shurtape Technologies,shurtape.com,
B,Sloan Valve,sloan.com,
B,Standard Textile,standardtextile.com,
B,Stoughton Trailers,stoughtontrailers.com,
B,TAIT,taittowers.com,
B,ThermoSafe,thermosafe.com,
B,Unifi,unifi.com,
B,Ampco-Pittsburgh,ampcopgh.com,
B,Bemis Manufacturing,bemismfg.com,
B,Bernhardt Furniture,bernhardt.com,
B,Brentwood Industries,brentwoodindustries.com,
B,Cascade Engineering,cascadeng.com,
B,Ennis Inc,ennis.com,
B,Eriez Manufacturing,eriez.com,
B,Flexco,flexco.com,
B,Hanover Foods,hanoverfoods.com,
B,Herr Foods,herrs.com,
B,Hoffmaster Group,hoffmaster.com,
B,Husco,husco.com,
B,Hussey Copper,husseycopper.com,
B,Martin's Famous Pastry Shoppe,potatorolls.com,
B,Meyer Tool,meyertool.com,
B,Palermo Villa,palermospizza.com,
B,Pridgeon & Clay,pridgeonandclay.com,
B,Request Foods,requestfoods.com,
B,Resource Label Group,resourcelabel.com,
B,Sauder Woodworking,sauder.com,
B,Stella & Chewy's,stellaandchewys.com,
B,Therm-O-Disc,thermodisc.com,
B,Time Manufacturing (Versalift),versalift.com,
B,Verus Aerospace,verusaero.com,
B,Vitamix,vitamix.com,
B,Wahl Clipper,wahlusa.com,
B,American Leather,americanleather.com,
B,Astronautics Corporation of America,astronautics.com,
B,Bettcher Industries,bettcher.com,
B,Chelsea Milling Company,jiffymix.com,
B,E.W. Grobbel Sons,grobbel.com,
B,Freedman Seating,freedmanseating.com,
B,Grady-White Boats,gradywhite.com,
B,Hatch Stamping Company,hatchstamping.com,
B,Inpro Corporation,inprocorp.com,
B,International Extrusions,intlextrusions.com,
B,JWF Industries,jwfindustries.com,
B,Just Born,justborn.com,
B,Kewaunee Scientific,kewaunee.com,
B,Michelman,michelman.com,
B,Mission Pharmacal,missionpharmacal.com,
B,Mt. Olive Pickle Company,mtolivepickles.com,
B,New Pig Corporation,newpig.com,
B,Penn United Technologies,pennunited.com,
B,Sellmark,sellmark.net,
B,Southern Champion (BuzzBallz),buzzballz.com,
B,Spangler Candy,spanglercandy.com,
B,Will-Burt Company,willburt.com,
B,Wooster Brush,woosterbrush.com,
B,Zippo Manufacturing,zippo.com,
B,Cayman Chemical,caymanchem.com,
B,Channellock,channellock.com,
B,Chrysan Industries,chrysan.com,
B,Motor City Stamping,motorcitystamping.com,
B,Regal Research & Manufacturing,regalresearch.com,
B,Wasserman,teamwass.com,
B,CMI Media Group,cmimediagroup.com,
B,Czarnowski Collective,czarnowski.com,
B,George P. Johnson,gpj.com,
B,IWCO Direct,iwco.com,
B,Inizio Evoke,inizioevoke.com,
B,Precision AQ,precisionaq.com,
B,Wieden+Kennedy,wk.com,
B,72andSunny,72andsunny.com,
B,Anomaly,anomaly.com,
B,Canvas Worldwide,canvasworldwide.com,
B,Cheil North America,cheil.com,
B,Derse,derse.com,
B,Doner,doner.com,
B,FINN Partners,finnpartners.com,
B,Fingerpaint Group,fingerpaint.com,
B,Goodby Silverstein & Partners,goodbysilverstein.com,
B,ICR,icrinc.com,
B,Innocean USA,innoceanusa.com,
B,Jack Morton Worldwide,jackmorton.com,
B,Japs-Olson Company,japsolson.com,
B,Mittera,mittera.com,
B,Momentum Worldwide,momentumww.com,
B,Opus Agency,opusagency.com,
B,Orchestra,orchestra.co,
B,Prosek Partners,prosek.com,
B,RPA,rpa.com,
B,Sparks,wearesparks.com,
B,Supreme Group,supremegroup.com,
B,The Martin Agency,martinagency.com,
B,Zeno Group,zenogroup.com,
B,Zimmerman Advertising,zadv.com,
B,AbelsonTaylor Group,abelsontaylor.com,
B,Allison,allisonworldwide.com,
B,Bader Rutter,baderrutter.com,
B,Barkley OKRP,barkleyokrp.com,
B,Colle McVoy,collemcvoy.com,
B,Cramer-Krasselt,c-k.com,
B,Crossmedia,crossmedia.com,
B,Darwill,darwill.com,
B,Deutsch LA,deutschla.com,
B,Hero Digital,herodigital.com,
B,Highwire PR,highwirepr.com,
B,Hotwire,hotwireglobal.com,
B,Impact XM,impact-xm.com,
B,MikeWorldWide,mww.com,
B,Mindgruve | Macarta,mindgruve.com,
B,NVE Experience Agency,experiencenve.com,
B,Rain the Growth Agency,raintga.com,
B,SeQuel Response,sequeldm.com,
B,Spectrum Science,spectrumscience.com,
B,TRG (The Richards Group),trg.agency,
B,Alkegen,alkegen.com,
B,Athletico Physical Therapy,athletico.com,
B,Azurity Pharmaceuticals,azurity.com,
B,BluSky Restoration Contractors,goblusky.com,
B,Excelitas Technologies,excelitas.com,
B,FreshEdge,freshedge.com,
B,J.S. Held,jsheld.com,
B,Numotion,numotion.com,
B,OTC Industrial Technologies,otcindustrial.com,
B,PPC Flexible Packaging,ppcflex.com,
B,Pavion,pavion.com,
B,Pet Supplies Plus,petsuppliesplus.com,
B,Phillips Pet Food & Supplies,phillipspet.com,
B,Singer Industrial,singerindustrial.com,
B,Smile Brands,smilebrands.com,
B,Sonny's Enterprises,sonnysdirect.com,
B,Springs Window Fashions,springswindowfashions.com,
B,Voyant Beauty,voyantbeauty.com,
B,Wellness Pet Company,wellnesspet.com,
B,Yellowstone Landscape,yellowstonelandscape.com,
B,ABC Fitness,abcfitness.com,
B,Advanced Dermatology and Cosmetic Surgery,advancedderm.com,
B,Aramsco,aramsco.com,
B,Better Being Co.,betterbeing.com,
B,Brook + Whittle,brookandwhittle.com,
B,Captain D's,captainds.com,
B,Central Moloney,centralmoloney.com,
B,Cerity Partners,ceritypartners.com,
B,Chemical Guys,chemicalguys.com,
B,Colibri Group,colibrigroup.com,
B,Colony Hardware,colonyhardware.com,
B,Colson Group,colsongroup.com,
B,Eagle Family Foods Group,eaglefoods.com,
B,Frontline Education,frontlineeducation.com,
B,HEPACO,hepaco.com,
B,Heartland Veterinary Partners,heartlandvetpartners.com,
B,INGENYX,ingenyx.com,
B,Idera,idera.com,
B,Krayden,krayden.com,
B,LEARN Behavioral,learnbehavioral.com,
B,Lanter Delivery Systems,lanterdeliverysystems.com,
B,Legacy Service Partners,legacyservicepartners.com,
B,Metagenics,metagenics.com,
B,Model N,modeln.com,
B,Monotype,monotype.com,
B,National Carwash Solutions,ncswash.com,
B,National Spine & Pain Centers,treatingpain.com,
B,Nations Roof,nationsroof.com,
B,Nellson Nutraceutical,nellsonllc.com,
B,Nelson Global Products,nelsonglobalproducts.com,
B,Nivel Parts & Manufacturing,nivelparts.com,
B,Oceans Healthcare,oceanshealthcare.com,
B,Oncourse Home Solutions,oncoursehome.com,
B,Pathstone,pathstone.com,
B,Performance Health,performancehealth.com,
B,Qualus,qualuscorp.com,
B,RTIC Outdoors,rticoutdoors.com,
B,Rimkus,rimkus.com,
B,Rough Country,roughcountry.com,
B,Shermco Industries,shermco.com,
B,Stir Foods,stirfoods.com,
B,Team Technologies,teamtech.com,
B,Techmer PM,techmerpm.com,
B,Vessco Water,vessco.com,
B,Window Nation,windownation.com,
B,cabi,cabionline.com,
B,Advancing Eyecare,advancingeyecare.com,
B,Beacon Communications,beaconcom.com,
B,Command Alkon,commandalkon.com,
B,Dentive,dentive.com,
B,Eptura,eptura.com,
B,Galloway & Company,gallowayus.com,
B,Greenix Pest Control,greenixpc.com,
B,Greenphire,greenphire.com,
B,Hasa,hasapool.com,
B,Hiller,hillercompanies.com,
B,Inovar Packaging Group,inovarpackaging.com,
B,Interim HealthCare,interimhealthcare.com,
B,Lone Wolf Technologies,lwolf.com,
B,Marmic Fire & Safety,marmicfire.com,
B,Milani Cosmetics,milanicosmetics.com,
B,Myers Emergency Power Systems,myerseps.com,
B,Oakbridge Insurance Agency,oakbridgeinsurance.com,
B,Potter Global Technologies,pottersignal.com,
B,Produce One,produceone.com,
B,Strickland Brothers 10 Minute Oil Change,sb10minuteoilchange.com,
B,Vision Innovation Partners,vipeyes.com,
B,Wind River Environmental,wrenvironmental.com,
B,Zenith American Solutions,zenith-american.com,
B,good2grow,good2grow.com,
B,Accelerate Learning,acceleratelearning.com,
B,Alta Pest Control,altapestcontrol.com,
B,H2O Care Partners,h2ocarepartners.com,
B,Point C Health,pointchealth.com,
B,Strongpoint Partners,strongpointpartners.com,
B,Together Women's Health,togetherwomenshealth.com,
B,Addison Group,addisongroup.com,
B,Atlas Technical Consultants,oneatlas.com,
B,Douglas Elliman,elliman.com,
B,Foundation Risk Partners Corp.,foundationrp.com,
B,Geosyntec Consultants,geosyntec.com,
B,Higginbotham,higginbotham.com,
B,High Street Insurance Partners Inc.,highstreetpartners.com,
B,Howard Hanna Real Estate Services,howardhanna.com,
B,Kleinfelder Inc.,kleinfelder.com,
B,Leavitt Group,leavitt.com,
B,Motion Recruitment Partners,motionrecruitment.com,
B,Patriot Growth Insurance Services LLC,patriotgis.com,
B,STV,stvinc.com,
B,System One,systemone.com,
B,The Hilb Group LLC,hilbgroup.com,
B,Vensure Employer Solutions,vensure.com,
B,World Insurance Associates LLC,worldinsurance.com,
B,CHA Consulting Inc.,chacompanies.com,
B,Holmes Murphy & Associates Inc.,holmesmurphy.com,
B,Kidder Mathews,kidder.com,
B,Medix,medixteam.com,
B,Northmarq,northmarq.com,
B,Relation Insurance Inc.,relationinsurance.com,
B,The Planet Group,theplanetgroup.com,
B,Transwestern,transwestern.com,
B,Verdantas,verdantas.com,
B,AG1 (Athletic Greens),drinkag1.com,
B,David Yurman,davidyurman.com,
B,Gabe's (Gabriel Brothers),gabesstores.com,
B,Harry's Inc. (Mammoth Brands),harrys.com,
B,Haverty Furniture Companies,havertys.com,
B,Hot Topic Inc.,hottopic.com,
B,Lakeshore Learning Materials,lakeshorelearning.com,
B,Misfits Market,misfitsmarket.com,
B,Ocean State Job Lot,oceanstatejoblot.com,
B,PDC Brands,pdcbrands.com,
B,PMI Worldwide (Stanley 1913),stanley1913.com,
B,Room & Board,roomandboard.com,
B,The Cato Corporation,catofashions.com,
B,The Container Store,containerstore.com,
B,The Vita Coco Company,vitacoco.com,
B,Tilly's,tillys.com,
B,Trove Brands (Owala / BlenderBottle),trovebrands.com,
B,Von Maur,vonmaur.com,
B,Windsor Fashions,windsorstore.com,
B,Zumiez,zumiez.com,
B,Altar'd State (Stand Out For Good),altardstate.com,
B,Article,article.com,
B,BARK,bark.co,
B,Blick Art Materials,dickblick.com,
B,Books-A-Million,booksamillion.com,
B,Chomps,chomps.com,
B,Cirkul,drinkcirkul.com,
B,Crunch Fitness,crunch.com,
B,EoS Fitness,eosfitness.com,
B,FTD,ftd.com,
B,Francesca's,francescas.com,
B,Kendra Scott,kendrascott.com,
B,Kodiak Cakes,kodiakcakes.com,
B,Liquid Death,liquiddeath.com,
B,OLIPOP,drinkolipop.com,
B,Olaplex Holdings,olaplex.com,
B,Orvis,orvis.com,
B,PowerStop,powerstop.com,
B,Purple Innovation,purple.com,
B,Quick Quack Car Wash,dontdrivedirty.com,
B,Rare Beauty,rarebeauty.com,
B,Reformation,thereformation.com,
B,Rent the Runway,renttherunway.com,
B,Ruggable,ruggable.com,
B,Solo Brands,solobrands.com,
B,Spanx,spanx.com,
B,The Brand House Collective (Kirkland's),kirklands.com,
B,The Learning Experience,thelearningexperience.com,
B,The Shade Store,theshadestore.com,
B,Tidal Wave Auto Spa,tidalwaveautospa.com,
B,Tile Shop Holdings,tileshop.com,
B,Vineyard Vines,vineyardvines.com,
B,Zips Car Wash,zipscarwash.com,
B,Boll & Branch,bollandbranch.com,
B,Brooklinen,brooklinen.com,
B,Cotopaxi,cotopaxi.com,
B,European Wax Center,waxcenter.com,
B,Evereve,evereve.com,
B,Everlane,everlane.com,
B,Faherty Brand,fahertybrand.com,
B,Glossier,glossier.com,
B,Grove Collaborative,grove.co,
B,Half Price Books,hpb.com,
B,Hand & Stone Massage and Facial Spa,handandstone.com,
B,JustFoodForDogs,justfoodfordogs.com,
B,Kizik,kizik.com,
B,Massage Envy,massageenvy.com,
B,Paige,paige.com,
B,Playa Bowls,playabowls.com,
B,Radiance Holdings (Sola Salons),radianceholdings.com,
B,Restore Hyper Wellness,restore.com,
B,Rothy's,rothys.com,
B,Sport Clips,sportclips.com,
B,Summer Fridays,summerfridays.com,
B,Super Star Car Wash,superstarcarwash.com,
B,WellBiz Brands,wellbizbrands.com,
B,Dogtopia,dogtopia.com,
B,Marine Layer,marinelayer.com,
B,Rhone,rhone.com,
B,E2open,e2open.com,
B,EverCommerce,evercommerce.com,
B,Community Brands,communitybrands.com,
B,HealthStream,healthstream.com,
B,Quorum Software,quorumsoftware.com,
B,AdvancedMD,advancedmd.com,
B,Alegeus,alegeus.com,
B,Asure Software,asuresoftware.com,
B,Daxko,daxko.com,
B,Fleetio,fleetio.com,
B,Office Ally,officeally.com,
B,Tecsys,tecsys.com,
B,Togetherwork,togetherwork.com,
B,A. Duie Pyle,aduiepyle.com,
B,Atlas World Group,atlasworldgroup.com,
B,CJ Logistics America,cjlogisticsamerica.com,
B,Crane Worldwide Logistics,craneww.com,
B,Evans Transportation Services,evanstrans.com,
B,Heartland Express,heartlandexpress.com,
B,Hirschbach Motor Lines,hirschbach.com,
B,IMC Logistics,imcc.com,
B,Integrity Express Logistics,ielfreight.com,
B,KLLM Transport Services,kllm.com,
B,Logistic Dynamics (LDi),logisticdynamics.com,
B,Logistics Plus,logisticsplus.com,
B,Marten Transport,marten.com,
B,MegaCorp Logistics,megacorplogistics.com,
B,Mesilla Valley Transportation,m-v-t.com,
B,Neovia Logistics Services,neovialogistics.com,
B,Odyssey Logistics,odysseylogistics.com,
B,PAMT Corp.,pamtransport.com,
B,Quality Carriers,qualitycarriers.com,
B,Quantix SCS,quantixscs.com,
B,RJW Logistics Group,rjwgroup.com,
B,Radiant Logistics,radiantdelivers.com,
B,RoadOne IntermodaLogistics,roadone.com,
B,Saddle Creek Logistics Services,sclogistics.com,
B,Spot Inc.,spotinc.com,
B,Steam Logistics,steamlogistics.com,
B,Stevens Transport,stevenstransport.com,
B,TMC Transportation,tmctrans.com,
B,UniGroup,unigroup.com,
B,Venture Logistics,venturelogistics.com,
B,Western Express,westernexp.com,
B,Bay and Bay Transportation,bayandbay.com,
B,Beemac Logistics,beemac.com,
B,Circle Logistics,circledelivers.com,
B,Daylight Transport,dylt.com,
B,Maverick Transportation,maverickusa.com,
B,Melton Truck Lines,meltontruck.com,
B,ODW Logistics,odwlogistics.com,
B,Oak Harbor Freight Lines,oakh.com,
B,PGT Trucking,pgttrucking.com,
B,RPM Freight Systems,loadrpm.com,
B,Roadrunner Freight,roadrunnerfreight.com,
B,Roehl Transport,roehl.net,
B,TCI Transportation,tcitransportation.com,
B,Ward Transport & Logistics,wardtlc.com,
B,Dupre Logistics,duprelogistics.com,
B,Groendyke Transport,groendyke.com,
B,Gulf Winds International,gwii.com,
B,Leonard's Express,leonardsexpress.com,
B,Paper Transport,papertransport.com,
B,Spee-Dee Delivery Service,speedeedelivery.com,
C,BDO USA,bdo.com,
C,Baker Tilly,bakertilly.com,
C,CBIZ,cbiz.com,
C,CLA (CliftonLarsonAllen),claconnect.com,
C,CohnReznick,cohnreznick.com,
C,Crowe LLP,crowe.com,
C,EisnerAmper,eisneramper.com,
C,Forvis Mazars LLP,forvismazars.us,
C,Grant Thornton Advisors,grantthornton.com,
C,RSM US LLP,rsmus.com,
C,Ryan LLC,ryan.com,
C,ACI Worldwide,aciworldwide.com,
C,Arvest Bank,arvest.com,
C,Associated Banc-Corp,associatedbank.com,
C,Atlanticus Holdings,atlanticus.com,
C,Axos Financial,axosfinancial.com,
C,BECU (Boeing Employees Credit Union),becu.org,
C,Bread Financial,breadfinancial.com,
C,CNO Financial Group,cnoinc.com,
C,Commerce Bancshares,commercebank.com,
C,Deluxe Corp,deluxe.com,
C,Edelman Financial Engines,edelmanfinancialengines.com,
C,Encore Capital Group,encorecapital.com,
C,Enova International,enova.com,
C,F.N.B. Corp,fnb-online.com,
C,Fulton Financial,fultonbank.com,
C,Green Dot Corp,greendot.com,
C,Kemper Corp,kemper.com,
C,Kinsale Capital Group,kinsalecapitalgroup.com,
C,LendingClub,lendingclub.com,
C,Mountain America Credit Union,macu.com,
C,OneMain Financial,onemainfinancial.com,
C,PRA Group,pragroup.com,
C,Pennymac Financial Services,pennymac.com,
C,Rate (formerly Guaranteed Rate),rate.com,
C,Remitly Global,remitly.com,
C,Root Inc,joinroot.com,
C,Selective Insurance Group,selective.com,
C,Skyward Specialty Insurance Group,skywardinsurance.com,
C,Texas Capital Bancshares,texascapitalbank.com,
C,UWM Holdings,uwm.com,
C,Universal Insurance Holdings,universalinsuranceholdings.com,
C,WEX Inc,wexinc.com,
C,loanDepot,loandepot.com,
C,AlixPartners,alixpartners.com,
C,Alvarez & Marsal,alvarezandmarsal.com,
C,Avanade,avanade.com,
C,Guidehouse,guidehouse.com,
C,Huron Consulting Group,huronconsultinggroup.com,
C,ICF International,icf.com,
C,Kearney,kearney.com,
C,Korn Ferry,kornferry.com,
C,Milliman,milliman.com,
C,Oliver Wyman,oliverwyman.com,
C,Protiviti,protiviti.com,
C,Publicis Sapient,publicissapient.com,
C,Synechron,synechron.com,
C,Thoughtworks,thoughtworks.com,
C,ZS Associates,zs.com,
C,Applied Industrial Technologies,applied.com,
C,BlueLinx Holdings,bluelinxco.com,
C,Border States,borderstates.com,
C,DNOW,dnow.com,
C,Digi-Key Electronics,digikey.com,
C,FleetPride,fleetpride.com,
C,Global Industrial Company,globalindustrial.com,
C,M. Holland Company,mholland.com,
C,MSC Industrial Supply,mscdirect.com,
C,The Hillman Group,hillmangroup.com,
C,Aimbridge Hospitality,aimbridgehospitality.com,
C,Bojangles,bojangles.com,
C,CKE Restaurants,ckr.com,
C,Denny's,dennys.com,
C,Flynn Group,flynnrg.com,
C,Golden State Foods,goldenstatefoods.com,
C,AHEAD,ahead.com,
C,ASGN,asgn.com,
C,C1 (ConvergeOne),onec1.com,
C,Connection (PC Connection),connection.com,
C,Converge Technology Solutions,convergetp.com,
C,Dexian,dexian.com,
C,EPAM Systems,epam.com,
C,Evergreen Services Group,evergreensg.com,
C,Kforce,kforce.com,
C,NWN,nwn.ai,
C,Optiv,optiv.com,
C,Rackspace Technology,rackspace.com,
C,Sirius Federal (CDW-G),cdwg.com,
C,Slalom,slalom.com,
C,Trace3,trace3.com,
C,Unisys,unisys.com,
C,Zayo Group,zayo.com,
C,Zones,zones.com,
C,ePlus,eplus.com,
C,Consilio,consilio.com,
C,Epiq,epiqglobal.com,
C,Lewis Brisbois Bisgaard & Smith,lewisbrisbois.com,
C,Morgan & Morgan,forthepeople.com,
C,Nelson Mullins Riley & Scarborough,nelsonmullins.com,
C,Polsinelli,polsinelli.com,
C,AZZ Inc,azz.com,
C,Amsted Industries,amsted.com,
C,Carhartt,carhartt.com,
C,Chamberlain Group,chamberlaingroup.com,
C,Crown Equipment,crown.com,
C,Duravant,duravant.com,
C,Kennametal,kennametal.com,
C,Kontoor Brands,kontoorbrands.com,
C,Panduit,panduit.com,
C,Powell Industries,powellind.com,
C,ProMach,promachbuilt.com,
C,S&C Electric,sandc.com,
C,Swagelok,swagelok.com,
C,Trinity Industries,trin.net,
C,Utz Brands,utzsnacks.com,
C,Acosta Group,acosta.group,
C,Advantage Solutions,advantagesolutions.net,
C,Burson,bursonglobal.com,
C,Freeman,freeman.com,
C,Quad,quad.com,
C,RR Donnelley,rrd.com,
C,Stagwell,stagwellglobal.com,
C,American Oncology Network,aoncology.com,
C,Crash Champions,crashchampions.com,
C,GuidePoint Security,guidepointsecurity.com,
C,Insight Global,insightglobal.com,
C,Integrity Marketing Group,integritymarketing.com,
C,Leaf Home,leafhome.com,
C,AMN Healthcare,amnhealthcare.com,
C,Acrisure LLC,acrisure.com,
C,Alight Inc.,alight.com,
C,Alorica,alorica.com,
C,Black & Veatch,bv.com,
C,CDM Smith,cdmsmith.com,
C,CHG Healthcare Services,chghealthcare.com,
C,Conduent,conduent.com,
C,Cross Country Healthcare,crosscountry.com,
C,Employbridge,employbridge.com,
C,ExlService Holdings,exlservice.com,
C,GFT,gftengineering.com,
C,Genpact,genpact.com,
C,HDR,hdrinc.com,
C,Highspring (formerly Vaco),highspring.com,
C,Hub International Ltd.,hubinternational.com,
C,Kelly Services,kellyservices.com,
C,Kimley-Horn,kimley-horn.com,
C,Kroll,kroll.com,
C,ServiceLink,svclnk.com,
C,Sutherland Global Services,sutherlandglobal.com,
C,TRC Cos.,trccompanies.com,
C,TTEC Holdings,ttec.com,
C,Terracon Consultants Inc.,terracon.com,
C,The Baldwin Group,baldwin.com,
C,TrueBlue,trueblue.com,
C,USI Insurance Services LLC,usi.com,
C,1-800-Flowers.com,1800flowers.com,
C,Alo Yoga,aloyoga.com,
C,Arhaus,arhaus.com,
C,Authentic Brands Group,authentic.com,
C,Beyond Inc.,beyond.com,
C,Boot Barn Holdings,bootbarn.com,
C,Crumbl,crumblcookies.com,
C,Hims & Hers Health,hims.com,
C,KnitWell Group,knitwellgroup.com,
C,Lands' End,landsend.com,
C,Leslie's,lesliespool.com,
C,National Vision Holdings,nationalvision.com,
C,Ollie's Bargain Outlet,ollies.com,
C,Planet Fitness,planetfitness.com,
C,Quince,quince.com,
C,REI Co-op,rei.com,
C,Revolve Group,revolve.com,
C,Savers Value Village,savers.com,
C,Shoe Carnival,shoecarnival.com,
C,Shutterfly,shutterfly.com,
C,Sleep Number,sleepnumber.com,
C,Sportsman's Warehouse,sportsmans.com,
C,Stitch Fix,stitchfix.com,
C,Torrid Holdings,torrid.com,
C,Vuori,vuoriclothing.com,
C,YETI Holdings,yeti.com,
C,e.l.f. Beauty,elfbeauty.com,
C,iFIT Health & Fitness,ifit.com,
C,Blackbaud,blackbaud.com,
C,Blue Yonder,blueyonder.com,
C,CCC Intelligent Solutions,cccis.com,
C,Dayforce,dayforce.com,
C,Deel,deel.com,
C,Finastra,finastra.com,
C,GoTo,goto.com,
C,Guidewire Software,guidewire.com,
C,Gusto,gusto.com,
C,Jack Henry & Associates,jackhenry.com,
C,Kaseya,kaseya.com,
C,Klaviyo,klaviyo.com,
C,Manhattan Associates,manh.com,
C,Paycom,paycom.com,
C,Paylocity,paylocity.com,
C,Procore Technologies,procore.com,
C,Qlik,qlik.com,
C,RealPage,realpage.com,
C,Samsara,samsara.com,
C,Smartsheet,smartsheet.com,
C,Solera,solera.com,
C,Tyler Technologies,tylertech.com,
C,UKG,ukg.com,
C,Waystar,waystar.com,
C,Yardi Systems,yardi.com,
C,Zelis,zelis.com,
C,Zendesk,zendesk.com,
C,Zeta Global,zetaglobal.com,
C,ZoomInfo,zoominfo.com,
C,athenahealth,athenahealth.com,
C,Americold Realty Trust,americold.com,
C,ArcBest Corp.,arcb.com,
C,Arrive Logistics,arrivelogistics.com,
C,Echo Global Logistics,echo.com,
C,Flexport,flexport.com,
C,Kenco Logistics,kencogroup.com,
C,Mode Global,modeglobal.com,
C,Penske Logistics,penskelogistics.com,
C,Redwood Logistics,redwoodlogistics.com,
C,Werner Enterprises,werner.com,
removed,Plante Moran,plantemoran.com,$1-5B with no AI signal
removed,Acuity Insurance,acuity.com,$1-5B with no AI signal
removed,Ameris Bancorp,amerisbank.com,$1-5B with no AI signal
removed,Amica Mutual Insurance,amica.com,$1-5B with no AI signal
removed,Atlantic Union Bankshares,atlanticunionbank.com,$1-5B with no AI signal
removed,BOK Financial,bokf.com,$1-5B with no AI signal
removed,Bank OZK,ozk.com,$1-5B with no AI signal
removed,Credit Acceptance Corp,creditacceptance.com,$1-5B with no AI signal
removed,CrossCountry Mortgage,crosscountrymortgage.com,$1-5B with no AI signal
removed,EMC Insurance Companies,emcins.com,$1-5B with no AI signal
removed,Erie Indemnity,erieinsurance.com,$1-5B with no AI signal
removed,Euronet Worldwide,euronetworldwide.com,$1-5B with no AI signal
removed,Fisher Investments,fisherinvestments.com,$1-5B with no AI signal
removed,Focus Partners Wealth,focuspartners.com,$1-5B with no AI signal
removed,Freedom Mortgage,freedommortgage.com,$1-5B with no AI signal
removed,Grange Insurance,grangeinsurance.com,$1-5B with no AI signal
removed,Hancock Whitney,hancockwhitney.com,$1-5B with no AI signal
removed,Horace Mann Educators,horacemann.com,$1-5B with no AI signal
removed,Nelnet,nelnet.com,$1-5B with no AI signal
removed,Pentagon Federal Credit Union (PenFed),penfed.org,$1-5B with no AI signal
removed,Prosperity Bancshares,prosperitybankusa.com,$1-5B with no AI signal
removed,RLI Corp,rlicorp.com,$1-5B with no AI signal
removed,SLM Corp (Sallie Mae),salliemae.com,$1-5B with no AI signal
removed,Safety Insurance Group,safetyinsurance.com,$1-5B with no AI signal
removed,SchoolsFirst Federal Credit Union,schoolsfirstfcu.org,$1-5B with no AI signal
removed,Sentry Insurance,sentry.com,$1-5B with no AI signal
removed,Shift4 Payments,shift4.com,$1-5B with no AI signal
removed,State Employees' Credit Union,ncsecu.org,$1-5B with no AI signal
removed,United Community Banks,ucbi.com,$1-5B with no AI signal
removed,West Bend Insurance,thesilverlining.com,$1-5B with no AI signal
removed,Westfield Insurance,westfieldinsurance.com,$1-5B with no AI signal
removed,Westlake Financial,westlakefinancial.com,$1-5B with no AI signal
removed,AMCON Distributing,amcon.com,$1-5B with no AI signal
removed,Benco Dental,benco.com,$1-5B with no AI signal
removed,BradyPlus,bradyplus.com,$1-5B with no AI signal
removed,Columbia Distributing,coldist.com,$1-5B with no AI signal
removed,Crescent Electric Supply,cesco.com,$1-5B with no AI signal
removed,DXP Enterprises,dxpe.com,$1-5B with no AI signal
removed,Dakota Supply Group,dakotasupplygroup.com,$1-5B with no AI signal
removed,Distribution Solutions Group,distributionsolutionsgroup.com,$1-5B with no AI signal
removed,Edward Don & Company,don.com,$1-5B with no AI signal
removed,Elliott Electric Supply,elliottelectric.com,$1-5B with no AI signal
removed,F.W. Webb Company,fwwebb.com,$1-5B with no AI signal
removed,Factory Motor Parts,factorymotorparts.com,$1-5B with no AI signal
removed,Foundation Building Materials,fbmsales.com,$1-5B with no AI signal
removed,Labatt Food Service,labattfood.com,$1-5B with no AI signal
removed,Lansing Building Products,lansingbp.com,$1-5B with no AI signal
removed,Lipari Foods,liparifoods.com,$1-5B with no AI signal
removed,Lonestar Electric Supply,lonestarelectric.com,$1-5B with no AI signal
removed,Mayer Electric Supply,mayerelectric.com,$1-5B with no AI signal
removed,McNaughton-McKay Electric,mc-mc.com,$1-5B with no AI signal
removed,Nexeo Plastics,nexeoplastics.com,$1-5B with no AI signal
removed,Orgill,orgill.com,$1-5B with no AI signal
removed,Russell Sigler Inc.,siglers.com,$1-5B with no AI signal
removed,Smith & Associates,smithweb.com,$1-5B with no AI signal
removed,SunSource,sun-source.com,$1-5B with no AI signal
removed,The Chefs' Warehouse,chefswarehouse.com,$1-5B with no AI signal
removed,TriMark USA,trimarkusa.com,$1-5B with no AI signal
removed,TricorBraun,tricorbraun.com,$1-5B with no AI signal
removed,Vallen Distribution,vallen.com,$1-5B with no AI signal
removed,C.H. Guenther & Son,chg.com,$1-5B with no AI signal
removed,Chobani,chobani.com,$1-5B with no AI signal
removed,Dave's Hot Chicken,daveshotchicken.com,$1-5B with no AI signal
removed,Davidson Hospitality Group,davidsonhospitality.com,$1-5B with no AI signal
removed,Delaware North,delawarenorth.com,$1-5B with no AI signal
removed,Elior North America,elior-na.com,$1-5B with no AI signal
removed,Foster Farms,fosterfarms.com,$1-5B with no AI signal
removed,Golden Corral,goldencorral.com,$1-5B with no AI signal
removed,HHM Hotels,hhmhospitality.com,$1-5B with no AI signal
removed,Highgate,highgate.com,$1-5B with no AI signal
removed,Jersey Mike's Subs,jerseymikes.com,$1-5B with no AI signal
removed,Marco's Pizza,marcos.com,$1-5B with no AI signal
removed,Pyramid Global Hospitality,pyramidglobal.com,$1-5B with no AI signal
removed,Reser's Fine Foods,resers.com,$1-5B with no AI signal
removed,Rise Baking Company,risebakingcompany.com,$1-5B with no AI signal
removed,Shearer's Foods,shearers.com,$1-5B with no AI signal
removed,Sun Holdings,sunholdings.net,$1-5B with no AI signal
removed,Tropical Smoothie Cafe,tropicalsmoothiecafe.com,$1-5B with no AI signal
removed,Tropicana Brands Group,tropicanabrandsgroup.com,$1-5B with no AI signal
removed,Whataburger,whataburger.com,$1-5B with no AI signal
removed,Winland Foods,winlandfoods.com,$1-5B with no AI signal
removed,Yadav Enterprises,yadaventerprises.com,$1-5B with no AI signal
removed,Zaxby's,zaxbys.com,$1-5B with no AI signal
removed,Alamo Group,alamo-group.com,$1-5B with no AI signal
removed,Associated Materials,associatedmaterials.com,$1-5B with no AI signal
removed,Bissell,bissell.com,$1-5B with no AI signal
removed,Bridgewater Interiors,bridgewater-interiors.com,$1-5B with no AI signal
removed,Butterball,butterball.com,$1-5B with no AI signal
removed,Charter Manufacturing,chartermfg.com,$1-5B with no AI signal
removed,East Penn Manufacturing,eastpennmanufacturing.com,$1-5B with no AI signal
removed,Ellwood Group,ellwoodgroup.com,$1-5B with no AI signal
removed,Federal Signal,federalsignal.com,$1-5B with no AI signal
removed,Great Lakes Cheese,greatlakescheese.com,$1-5B with no AI signal
removed,Green Bay Packaging,gbp.com,$1-5B with no AI signal
removed,Greenheck Group,greenheck.com,$1-5B with no AI signal
removed,Haworth,haworth.com,$1-5B with no AI signal
removed,Hearthside Food Solutions,hearthsidefoods.com,$1-5B with no AI signal
removed,Helen of Troy,helenoftroy.com,$1-5B with no AI signal
removed,Hendrickson,hendrickson-intl.com,$1-5B with no AI signal
removed,Hollister Incorporated,hollister.com,$1-5B with no AI signal
removed,House of Raeford Farms,houseofraeford.com,$1-5B with no AI signal
removed,Inteva Products,intevaproducts.com,$1-5B with no AI signal
removed,John B. Sanfilippo & Son,jbssinc.com,$1-5B with no AI signal
removed,Johnsonville,johnsonville.com,$1-5B with no AI signal
removed,Menasha Corporation,menasha.com,$1-5B with no AI signal
removed,Neapco Holdings,neapco.com,$1-5B with no AI signal
removed,PVS Chemicals,pvschemicals.com,$1-5B with no AI signal
removed,Parkdale Mills,parkdalemills.com,$1-5B with no AI signal
removed,Piston Group,pistongroup.com,$1-5B with no AI signal
removed,Plastipak Holdings,plastipak.com,$1-5B with no AI signal
removed,ProAmpac,proampac.com,$1-5B with no AI signal
removed,Quanex Building Products,quanex.com,$1-5B with no AI signal
removed,Sargento Foods,sargento.com,$1-5B with no AI signal
removed,Trek Bicycle,trekbikes.com,$1-5B with no AI signal
removed,U.S. Farathane,usfarathane.com,$1-5B with no AI signal
removed,Taylor Corporation,taylor.com,$1-5B with no AI signal
removed,Alera Group,aleragroup.com,$1-5B with no AI signal
removed,Ascensus,ascensus.com,$1-5B with no AI signal
removed,Convergint Technologies,convergint.com,$1-5B with no AI signal
removed,Marcone,marcone.com,$1-5B with no AI signal
removed,PrimeSource Building Products,primesourcebp.com,$1-5B with no AI signal
removed,Accession Risk Management Group,accessionrmg.com,$1-5B with no AI signal
removed,Alliant Insurance Services Inc.,alliant.com,$1-5B with no AI signal
removed,Barrett Business Services,bbsi.com,$1-5B with no AI signal
removed,Beacon Hill Staffing Group,beaconhillstaffing.com,$1-5B with no AI signal
removed,BroadStreet Partners Inc.,broadstreetpartners.com,$1-5B with no AI signal
removed,EPIC Insurance Brokers & Consultants,epicbrokers.com,$1-5B with no AI signal
removed,Express Employment Professionals,expresspros.com,$1-5B with no AI signal
removed,Jackson Healthcare,jacksonhealthcare.com,$1-5B with no AI signal
removed,Justworks,justworks.com,$1-5B with no AI signal
removed,Lockton Cos. LLC,lockton.com,$1-5B with no AI signal
removed,Medical Solutions,medicalsolutions.com,$1-5B with no AI signal
removed,Newmark Group,nmrk.com,$1-5B with no AI signal
removed,OneDigital,onedigital.com,$1-5B with no AI signal
removed,TriNet Group,trinet.com,$1-5B with no AI signal
removed,American Signature (Value City Furniture),valuecityfurniture.com,$1-5B with no AI signal
removed,Ariat International,ariat.com,$1-5B with no AI signal
removed,Bealls Inc.,beallsinc.com,$1-5B with no AI signal
removed,Belk,belk.com,$1-5B with no AI signal
removed,Blain's Farm & Fleet,farmandfleet.com,$1-5B with no AI signal
removed,Bob's Discount Furniture,mybobs.com,$1-5B with no AI signal
removed,Boscov's,boscovs.com,$1-5B with no AI signal
removed,Chico's FAS,chicos.com,$1-5B with no AI signal
removed,Fleet Farm,fleetfarm.com,$1-5B with no AI signal
removed,Guitar Center,guitarcenter.com,$1-5B with no AI signal
removed,L.L.Bean,llbean.com,$1-5B with no AI signal
removed,Living Spaces,livingspaces.com,$1-5B with no AI signal
removed,Mavis Tire Express Services,mavis.com,$1-5B with no AI signal
removed,Micro Center,microcenter.com,$1-5B with no AI signal
removed,Raymour & Flanigan,raymourflanigan.com,$1-5B with no AI signal
removed,Rural King,ruralking.com,$1-5B with no AI signal
removed,Scheels,scheels.com,$1-5B with no AI signal
removed,Serta Simmons Bedding,sertasimmons.com,$1-5B with no AI signal
removed,The Buckle,buckle.com,$1-5B with no AI signal
removed,Envestnet,envestnet.com,$1-5B with no AI signal
removed,AIT Worldwide Logistics,aitworldwide.com,$1-5B with no AI signal
removed,Allen Lund Company,allenlund.com,$1-5B with no AI signal
removed,Anderson Trucking Service,atsinc.com,$1-5B with no AI signal
removed,Armstrong Transport Group,armstrongtransport.com,$1-5B with no AI signal
removed,Ascent Global Logistics,ascentgl.com,$1-5B with no AI signal
removed,Averitt Express,averitt.com,$1-5B with no AI signal
removed,Axle Logistics,axlelogistics.com,$1-5B with no AI signal
removed,Bennett Family of Companies,bennettig.com,$1-5B with no AI signal
removed,C.R. England,crengland.com,$1-5B with no AI signal
removed,CRST The Transportation Solution,crst.com,$1-5B with no AI signal
removed,Capstone Logistics,capstonelogistics.com,$1-5B with no AI signal
removed,Central Transport,centraltransport.com,$1-5B with no AI signal
removed,Covenant Logistics Group,covenantlogistics.com,$1-5B with no AI signal
removed,Crete Carrier Corp.,cretecarrier.com,$1-5B with no AI signal
removed,Dayton Freight Lines,daytonfreight.com,$1-5B with no AI signal
removed,Evans Network of Companies,evansdelivery.com,$1-5B with no AI signal
removed,Forward Air,forwardair.com,$1-5B with no AI signal
removed,Hub Group,hubgroup.com,$1-5B with no AI signal
removed,ITS Logistics,its4logistics.com,$1-5B with no AI signal
removed,Kenan Advantage Group,thekag.com,$1-5B with no AI signal
removed,Landstar System,landstar.com,$1-5B with no AI signal
removed,Lynden Inc.,lynden.com,$1-5B with no AI signal
removed,NFI Industries,nfiindustries.com,$1-5B with no AI signal
removed,OnTrac,ontrac.com,$1-5B with no AI signal
removed,PS Logistics,pslogistics.com,$1-5B with no AI signal
removed,Pitt Ohio Transportation Group,pittohio.com,$1-5B with no AI signal
removed,Prime Inc.,primeinc.com,$1-5B with no AI signal
removed,Priority-1 Inc.,priority1.com,$1-5B with no AI signal
removed,R+L Carriers,rlcarriers.com,$1-5B with no AI signal
removed,Ruan Transportation Management Systems,ruan.com,$1-5B with no AI signal
removed,Ryan Transportation Service,ryantrans.com,$1-5B with no AI signal
removed,STG Logistics,stgusa.com,$1-5B with no AI signal
removed,Saia Inc.,saia.com,$1-5B with no AI signal
removed,Scotlynn,scotlynn.com,$1-5B with no AI signal
removed,Seko Logistics,sekologistics.com,$1-5B with no AI signal
removed,Southeastern Freight Lines,sefl.com,$1-5B with no AI signal
removed,Trinity Logistics,trinitylogistics.com,$1-5B with no AI signal
removed,Universal Logistics Holdings,universallogistics.com,$1-5B with no AI signal
removed,Mercury General,mercuryinsurance.com,$5B+ (too large for cold outreach)
removed,Navy Federal Credit Union,navyfederal.org,$5B+ (too large for cold outreach)
removed,Rocket Companies,rocketcompanies.com,$5B+ (too large for cold outreach)
removed,Accenture,accenture.com,$5B+ (too large for cold outreach)
removed,Bain & Company,bain.com,$5B+ (too large for cold outreach)
removed,Booz Allen Hamilton,boozallen.com,$5B+ (too large for cold outreach)
removed,Boston Consulting Group,bcg.com,$5B+ (too large for cold outreach)
removed,Deloitte,deloitte.com,$5B+ (too large for cold outreach)
removed,EY,ey.com,$5B+ (too large for cold outreach)
removed,Gartner,gartner.com,$5B+ (too large for cold outreach)
removed,IBM Consulting,ibm.com,$5B+ (too large for cold outreach)
removed,KPMG,kpmg.com,$5B+ (too large for cold outreach)
removed,McKinsey & Company,mckinsey.com,$5B+ (too large for cold outreach)
removed,Mercer,mercer.com,$5B+ (too large for cold outreach)
removed,PwC,pwc.com,$5B+ (too large for cold outreach)
removed,ABC Supply,abcsupply.com,$5B+ (too large for cold outreach)
removed,Breakthru Beverage Group,breakthrubev.com,$5B+ (too large for cold outreach)
removed,Fastenal,fastenal.com,$5B+ (too large for cold outreach)
removed,Genuine Parts Company,genpt.com,$5B+ (too large for cold outreach)
removed,Graybar Electric,graybar.com,$5B+ (too large for cold outreach)
removed,Henry Schein,henryschein.com,$5B+ (too large for cold outreach)
removed,Imperial Dade,imperialdade.com,$5B+ (too large for cold outreach)
removed,Patterson Companies,pattersoncompanies.com,$5B+ (too large for cold outreach)
removed,Reyes Beverage Group,reyesbeveragegroup.com,$5B+ (too large for cold outreach)
removed,Sysco,sysco.com,$5B+ (too large for cold outreach)
removed,US Foods,usfoods.com,$5B+ (too large for cold outreach)
removed,US LBM Holdings,uslbm.com,$5B+ (too large for cold outreach)
removed,Univar Solutions,univarsolutions.com,$5B+ (too large for cold outreach)
removed,W.W. Grainger,grainger.com,$5B+ (too large for cold outreach)
removed,Watsco,watsco.com,$5B+ (too large for cold outreach)
removed,Winsupply,winsupplyinc.com,$5B+ (too large for cold outreach)
removed,Aramark,aramark.com,$5B+ (too large for cold outreach)
removed,Taylor Farms,taylorfarms.com,$5B+ (too large for cold outreach)
removed,CACI International,caci.com,$5B+ (too large for cold outreach)
removed,CDW,cdw.com,$5B+ (too large for cold outreach)
removed,Carahsoft Technology,carahsoft.com,$5B+ (too large for cold outreach)
removed,Cognizant,cognizant.com,$5B+ (too large for cold outreach)
removed,DXC Technology,dxc.com,$5B+ (too large for cold outreach)
removed,Insight Enterprises,insight.com,$5B+ (too large for cold outreach)
removed,Kyndryl,kyndryl.com,$5B+ (too large for cold outreach)
removed,Peraton,peraton.com,$5B+ (too large for cold outreach)
removed,Presidio,presidio.com,$5B+ (too large for cold outreach)
removed,SAIC,saic.com,$5B+ (too large for cold outreach)
removed,SHI International,shi.com,$5B+ (too large for cold outreach)
removed,TEKsystems,teksystems.com,$5B+ (too large for cold outreach)
removed,World Wide Technology,wwt.com,$5B+ (too large for cold outreach)
removed,Cornerstone Building Brands,cornerstonebuildingbrands.com,$5B+ (too large for cold outreach)
removed,Flex-N-Gate,flex-n-gate.com,$5B+ (too large for cold outreach)
removed,Kohler Co,kohler.com,$5B+ (too large for cold outreach)
removed,Medline Industries,medline.com,$5B+ (too large for cold outreach)
removed,Novolex,novolex.com,$5B+ (too large for cold outreach)
removed,OSI Group,osigroup.com,$5B+ (too large for cold outreach)
removed,Schreiber Foods,schreiberfoods.com,$5B+ (too large for cold outreach)
removed,Omnicom Group,omnicomgroup.com,$5B+ (too large for cold outreach)
removed,Aya Healthcare,ayahealthcare.com,$5B+ (too large for cold outreach)
removed,Burns & McDonnell,burnsmcd.com,$5B+ (too large for cold outreach)
removed,CBRE Group,cbre.com,$5B+ (too large for cold outreach)
removed,Compass Inc.,compass.com,$5B+ (too large for cold outreach)
removed,Cushman & Wakefield,cushmanwakefield.com,$5B+ (too large for cold outreach)
removed,Insperity,insperity.com,$5B+ (too large for cold outreach)
removed,JLL,jll.com,$5B+ (too large for cold outreach)
removed,Robert Half,roberthalf.com,$5B+ (too large for cold outreach)
removed,Fanatics,fanatics.com,$5B+ (too large for cold outreach)
removed,New Balance,newbalance.com,$5B+ (too large for cold outreach)
removed,Total Wine & More,totalwine.com,$5B+ (too large for cold outreach)
removed,Toast,toasttab.com,$5B+ (too large for cold outreach)
removed,Beon,beonlogistics.com,$5B+ (too large for cold outreach)
removed,C.H. Robinson,chrobinson.com,$5B+ (too large for cold outreach)
removed,Estes Express Lines,estes-express.com,$5B+ (too large for cold outreach)
removed,Expeditors International,expeditors.com,$5B+ (too large for cold outreach)
removed,GXO Logistics,gxo.com,$5B+ (too large for cold outreach)
removed,J.B. Hunt Transport Services,jbhunt.com,$5B+ (too large for cold outreach)
removed,Knight-Swift Transportation Holdings,knight-swift.com,$5B+ (too large for cold outreach)
removed,Lineage Inc.,onelineage.com,$5B+ (too large for cold outreach)
removed,Old Dominion Freight Line,odfl.com,$5B+ (too large for cold outreach)
removed,RXO Inc.,rxo.com,$5B+ (too large for cold outreach)
removed,Ryder System,ryder.com,$5B+ (too large for cold outreach)
removed,Schneider National,schneider.com,$5B+ (too large for cold outreach)
removed,Total Quality Logistics,tql.com,$5B+ (too large for cold outreach)
removed,Uber Freight,uberfreight.com,$5B+ (too large for cold outreach)
removed,WWEX Group,wwex.com,$5B+ (too large for cold outreach)
removed,Magna5,magna5global.com,Duplicate
removed,Clearlake Capital Group,clearlake.com,"PE firm, not a portfolio company"
removed,Thoma Bravo,thomabravo.com,"PE firm, not a portfolio company"
removed,Vista Equity Partners,vistaequitypartners.com,"PE firm, not a portfolio company"
removed,Genstar Capital,gencap.com,"PE firm, not a portfolio company"
removed,AEA Investors,aeainvestors.com,"PE firm, not a portfolio company"
removed,Audax Private Equity,audaxprivateequity.com,"PE firm, not a portfolio company"
removed,The Riverside Company,riversidecompany.com,"PE firm, not a portfolio company"
removed,Gryphon Investors,gryphon-inv.com,"PE firm, not a portfolio company"
removed,HGGC,hggc.com,"PE firm, not a portfolio company"
removed,Harvest Partners,harvestpartners.com,"PE firm, not a portfolio company"
removed,Kelso & Company,kelso.com,"PE firm, not a portfolio company"
removed,Kohlberg & Company,kohlberg.com,"PE firm, not a portfolio company"
removed,Sentinel Capital Partners,sentinelpartners.com,"PE firm, not a portfolio company"
removed,Shore Capital Partners,shorecp.com,"PE firm, not a portfolio company"
removed,Blue Point Capital Partners,bluepointcapital.com,"PE firm, not a portfolio company"
removed,Gridiron Capital,gridironcapital.com,"PE firm, not a portfolio company"
removed,Incline Equity Partners,inclineequity.com,"PE firm, not a portfolio company"
removed,LLR Partners,llrpartners.com,"PE firm, not a portfolio company"
removed,Sun Capital Partners,suncappart.com,"PE firm, not a portfolio company"
removed,Trivest Partners,trivest.com,"PE firm, not a portfolio company"
removed,Wind Point Partners,wppartners.com,"PE firm, not a portfolio company"
